order_id,customer_name,product_name,category,quantity,unit_price,order_date,country
1,Lea Bauer,Lumen Lounge Chair Max,Furniture,2,573,2026-01-12,Germany
2,Michael Wilson,Granite Mouse Lite,Electronics,1,49,2026-01-23,USA
3,Ethan Smith,Granite Monitor Stand 300,Furniture,2,69,2026-01-12,Canada
4,Matthias Meyer,Zephyr Label Printer Max,Electronics,4,374,2026-01-12,Germany
5,Mia Brown,Summit Bar Stool X,Furniture,2,108,2026-01-27,Canada
6,Nathan Brown,Onyx Drawer Unit S1,Furniture,2,178,2026-01-29,Canada
7,Harry Williams,Beacon Bench Max,Furniture,1,354,2026-01-16,UK
8,Charlie Smith,Summit Printer Plus,Electronics,4,339,2026-01-22,UK
9,Jonas Wagner,Atlas Monitor Max,Electronics,1,311,2026-01-22,Germany
10,Emily Brown,Xenon Sofa S1,Furniture,5,1007,2026-01-11,UK
11,Jonas Schulz,Tundra UPS Battery Lite,Electronics,3,247,2026-01-07,Germany
12,Ava Davis,Atlas Whiteboard X,Furniture,3,115,2026-01-19,USA
13,Jack Roberts,Tundra Smartwatch Plus,Electronics,2,108,2026-01-26,UK
14,Charlie Roberts,Aster Scanner 100,Electronics,5,88,2026-01-25,UK
15,James Taylor,Tundra Bar Stool 100,Furniture,2,60,2026-01-19,USA
16,Lucas Gagnon,Helio Meeting Table Max,Furniture,2,1298,2026-01-26,Canada
17,Isla Davies,Yarrow Printer 300,Electronics,2,443,2026-01-31,UK
18,Matthias Meyer,Juniper Power Bank 100,Electronics,3,99,2026-01-07,Germany
19,Sophia Moore,Orion Monitor 300,Electronics,3,521,2026-01-11,USA
20,Benjamin Roy,Beacon Smartwatch Lite,Electronics,2,683,2026-01-13,Canada
21,David Brown,Harbor UPS Battery 200,Electronics,5,701,2026-01-13,USA
22,Zoe Gagnon,Willow TV Stand Plus,Furniture,3,488,2026-01-12,Canada
23,Emma Moore,Nimbus Barcode Scanner S2,Electronics,1,83,2026-01-08,USA
24,David Davis,Tundra Capture Card Pro,Electronics,5,397,2026-01-07,USA
25,Liam Smith,Atlas Standing Desk 200,Furniture,5,1285,2026-01-13,Canada
26,Jonas Koch,Yarrow SSD Drive S1,Electronics,5,367,2026-01-29,Germany
27,Freya Davies,Ember Docking Station S2,Electronics,1,314,2026-01-14,UK
28,Noah Brown,Willow TV Stand 300,Furniture,3,518,2026-01-21,Canada
29,Charlotte Wilson,Delta NAS Enclosure Lite,Electronics,3,1027,2026-01-31,USA
30,James Brown,Vertex Desk 300,Furniture,5,459,2026-01-29,USA
31,Sophie Schmidt,Xenon Bookshelf Pro,Furniture,1,181,2026-01-08,Germany
32,Emily Jones,Rowan Sofa 100,Furniture,2,2012,2026-01-06,UK
33,Charlotte Smith,Verdant Capture Card 100,Electronics,1,81,2026-01-28,USA
34,Benjamin Smith,Vertex Keyboard X,Electronics,2,192,2026-01-09,Canada
35,Zoe Tremblay,Nova Headphones Plus,Electronics,3,38,2026-01-21,Canada
36,Chloe Wilson,Juniper Coffee Table Max,Furniture,2,418,2026-01-27,Canada
37,Charlie Evans,Aurora Power Bank Lite,Electronics,4,111,2026-01-21,UK
38,Mia Lee,Kestrel Smartphone 300,Electronics,1,347,2026-01-15,Canada
39,Lukas Schulz,Juniper Console Table X,Furniture,5,141,2026-01-12,Germany
40,Lukas Wagner,Quartz Webcam 300,Electronics,2,189,2026-01-07,Germany
41,Hans Koch,Basalt Monitor Stand 200,Furniture,5,98,2026-01-12,Germany
42,Grace Evans,Cobalt Wardrobe S2,Furniture,5,915,2026-01-09,UK
43,Nathan Lee,Lumen Microphone Max,Electronics,4,417,2026-01-11,Canada
44,Mila Wagner,Fjord Meeting Table Plus,Furniture,3,914,2026-01-18,Germany
45,Nathan Brown,Pioneer Label Printer Pro,Electronics,1,142,2026-01-06,Canada
46,Benjamin Gagnon,Quill Webcam 200,Electronics,2,215,2026-01-11,Canada
47,Charlotte Jackson,Slate Power Bank 100,Electronics,4,61,2026-01-10,USA
48,Isla Wilson,Delta Projector S2,Electronics,4,401,2026-01-30,UK
49,Anna Schulz,Kestrel Meeting Table Pro,Furniture,1,1202,2026-01-07,Germany
50,John Taylor,Atlas Cabinet X,Furniture,4,566,2026-01-11,USA
51,Ella Smith,Basalt Recliner Plus,Furniture,4,975,2026-01-05,Canada
52,Noah Johnson,Umber Wardrobe X,Furniture,3,869,2026-01-18,Canada
53,Nathan Brown,Atlas Graphics Card Pro,Electronics,2,391,2026-01-06,Canada
54,Lea Schmidt,Fjord Desk S2,Furniture,1,531,2026-01-23,Germany
55,Ella Martin,Larch Whiteboard S2,Furniture,2,125,2026-01-06,Canada
56,Anna Muller,Nimbus Reception Desk Plus,Furniture,5,1921,2026-01-07,Germany
57,Olivia Brown,Cedar Scanner X,Electronics,2,392,2026-01-23,USA
58,Matthias Meyer,Harbor Conference Camera Lite,Electronics,5,248,2026-01-23,Germany
59,Freya Evans,Indigo Sofa Pro,Furniture,3,1873,2026-01-12,UK
60,Grace Williams,Pioneer Side Table Pro,Furniture,4,160,2026-01-15,UK
61,Mila Bauer,Rowan TV Stand 200,Furniture,1,365,2026-01-07,Germany
62,Daniel Johnson,Aurora Network Switch X,Electronics,3,377,2026-01-07,USA
63,Daniel Johnson,Lumen Footrest Lite,Furniture,4,128,2026-01-31,USA
64,Jack Davies,Basalt NAS Enclosure S2,Electronics,1,636,2026-01-26,UK
65,Harry Roberts,Cobalt Shoe Rack 100,Furniture,2,74,2026-01-13,UK
66,Anna Bauer,Pioneer UPS Battery S2,Electronics,2,368,2026-01-13,Germany
67,Emily Wilson,Zenith Graphics Card Max,Electronics,2,911,2026-01-26,UK
68,Freya Smith,Aurora Cabinet Max,Furniture,1,610,2026-01-07,UK
69,Zoe Lee,Aster Desk Max,Furniture,1,219,2026-01-15,Canada
70,David Thomas,Orion Bar Stool 100,Furniture,4,148,2026-01-22,USA
71,Ella Bouchard,Indigo Room Divider 200,Furniture,1,353,2026-01-27,Canada
72,Daniel Taylor,Maple USB Hub Lite,Electronics,5,58,2026-01-22,USA
73,John Smith,Orion USB Hub S1,Electronics,3,28,2026-01-16,USA
74,Hans Hoffmann,Juniper Printer 300,Electronics,2,117,2026-01-26,Germany
75,Lukas Koch,Indigo Reception Desk Pro,Furniture,4,1650,2026-01-24,Germany
76,Ava Brown,Onyx Footrest 100,Furniture,2,183,2026-01-30,USA
77,David Brown,Atlas Power Bank X,Electronics,2,118,2026-01-28,USA
78,Amelia Brown,Granite Desk S1,Furniture,2,664,2026-01-13,UK
79,James Thomas,Vertex USB Hub Pro,Electronics,4,20,2026-01-06,USA
80,Chloe Brown,Kestrel Mouse Max,Electronics,3,87,2026-01-14,Canada
81,Daniel Wilson,Juniper Monitor 300,Electronics,4,382,2026-01-15,USA
82,Grace Jones,Orion Bookshelf S1,Furniture,3,325,2026-01-25,UK
83,Benjamin Lee,Nova External HDD S1,Electronics,3,305,2026-01-05,Canada
84,Felix Meyer,Ember Dining Table Lite,Furniture,2,1021,2026-01-23,Germany
85,Emily Jones,Delta Nightstand 300,Furniture,4,166,2026-01-16,UK
86,Jack Smith,Meridian Projector Pro,Electronics,1,1832,2026-01-17,UK
87,John Moore,Granite Conference Chair Max,Furniture,1,508,2026-01-21,USA
88,David Johnson,Aster Standing Desk S1,Furniture,3,1011,2026-01-24,USA
89,Emily Thomas,Quill Smartwatch 200,Electronics,3,250,2026-01-21,UK
90,George Thomas,Indigo Office Lamp S2,Furniture,4,170,2026-01-27,UK
91,Freya Smith,Quill Filing Cabinet S1,Furniture,4,283,2026-01-26,UK
92,Mia Wilson,Lumen Coffee Table Max,Furniture,5,435,2026-01-23,Canada
93,Grace Jones,Tablet,Electronics,3,450,2026-01-14,UK
94,John Wilson,Lumen Smartwatch S2,Electronics,5,703,2026-01-25,USA
95,Jack Taylor,Fjord Footrest S1,Furniture,2,67,2026-01-21,UK
96,Ethan Tremblay,Delta Dining Table Plus,Furniture,1,737,2026-01-14,Canada
97,Grace Thomas,Helio Speaker S2,Electronics,3,100,2026-01-12,UK
98,John Moore,Harbor Router Pro,Electronics,2,206,2026-01-20,USA
99,Jonas Wagner,Lumen Reception Desk Pro,Furniture,2,1593,2026-01-27,Germany
100,Lucas Bouchard,Ridge Bar Stool 100,Furniture,2,246,2026-01-25,Canada
101,Matthias Koch,Zephyr Bookshelf 200,Furniture,4,273,2026-01-12,Germany
102,Olivia Smith,Maple Capture Card Plus,Electronics,4,331,2026-01-06,USA
103,Charlotte Thomas,Quartz Capture Card Max,Electronics,4,402,2026-01-09,USA
104,Mia Lee,Lumen Dresser 300,Furniture,5,611,2026-01-15,Canada
105,Chloe Brown,Maple Microphone 100,Electronics,4,428,2026-01-31,Canada
106,Nathan Tremblay,Harbor Lounge Chair S1,Furniture,4,754,2026-01-13,Canada
107,John Brown,Quartz Capture Card 100,Electronics,5,430,2026-01-20,USA
108,Emma Smith,Atlas Router S2,Electronics,3,352,2026-01-12,USA
109,Isla Evans,Aurora Printer S2,Electronics,1,490,2026-01-09,UK
110,James Brown,Onyx Speaker Lite,Electronics,2,180,2026-01-07,USA
111,Chloe Johnson,Delta Conference Camera Plus,Electronics,4,962,2026-01-18,Canada
112,Anna Weber,Nova Docking Station Plus,Electronics,4,201,2026-01-29,Germany
113,Clara Schmidt,Yarrow Tablet 300,Electronics,4,227,2026-01-20,Germany
114,Lea Muller,Yarrow Office Lamp S2,Furniture,4,90,2026-01-31,Germany
115,Noah Roy,Zephyr Graphics Card 200,Electronics,5,1729,2026-01-12,Canada
116,Ella Bouchard,Umber Graphics Card Pro,Electronics,4,1507,2026-01-05,Canada
117,Ella Brown,Quartz Docking Station S2,Electronics,2,247,2026-01-31,Canada
118,Noah Smith,Delta Printer 100,Electronics,1,259,2026-01-17,Canada
119,Lea Koch,Fjord Monitor Stand 300,Furniture,2,133,2026-01-19,Germany
120,Emma Taylor,Kestrel Office Lamp 200,Furniture,3,92,2026-01-11,USA
121,Ella Roy,Kestrel Office Lamp 200,Furniture,3,92,2026-01-29,Canada
122,Nathan Brown,Umber Office Lamp X,Furniture,4,155,2026-01-05,Canada
123,Matthias Koch,Beacon Coffee Table 100,Furniture,1,89,2026-01-29,Germany
124,Lukas Schmidt,Ridge Filing Cabinet S1,Furniture,2,340,2026-01-31,Germany
125,Jonas Hoffmann,Slate Network Switch S2,Electronics,2,438,2026-01-20,Germany
126,Clara Muller,Ridge Coffee Table X,Furniture,4,83,2026-01-27,Germany
127,Grace Evans,Willow Router S1,Electronics,5,101,2026-01-24,UK
128,Jonas Koch,Fjord Footrest Lite,Furniture,3,120,2026-01-08,Germany
129,Anna Bauer,Vertex Bench S2,Furniture,4,117,2026-01-17,Germany
130,Ava Taylor,Quill Router S2,Electronics,1,287,2026-01-27,USA
131,Oliver Smith,Cedar Side Table Pro,Furniture,1,252,2026-01-30,UK
132,Lea Becker,Ember Nightstand 100,Furniture,3,294,2026-01-07,Germany
133,George Roberts,Helio Label Printer S2,Electronics,4,322,2026-01-08,UK
134,Mia Smith,Slate Coffee Table 200,Furniture,2,241,2026-01-18,Canada
135,Emma Wilson,Verdant Dining Table Lite,Furniture,5,1393,2026-01-30,USA
136,Lucas Wilson,Rowan Bench Max,Furniture,3,340,2026-01-15,Canada
137,John Anderson,Cobalt Nightstand S2,Furniture,3,107,2026-01-19,USA
138,Daniel Moore,Vertex Coffee Table Lite,Furniture,5,176,2026-01-26,USA
139,Ella Bouchard,Helio Lounge Chair 100,Furniture,3,372,2026-01-10,Canada
140,Chloe Lee,Quartz Reception Desk 100,Furniture,3,1287,2026-01-13,Canada
141,Emily Smith,Tundra Lounge Chair S1,Furniture,2,647,2026-01-07,UK
142,Ava Taylor,Summit Nightstand Pro,Furniture,5,85,2026-01-29,USA
143,Ava Anderson,Fjord Cabinet X,Furniture,4,880,2026-01-30,USA
144,Lea Schmidt,Granite UPS Battery 200,Electronics,4,572,2026-01-27,Germany
145,Olivia Jackson,Zephyr Nightstand S1,Furniture,3,51,2026-01-20,USA
146,Grace Brown,Granite Printer 300,Electronics,3,677,2026-01-16,UK
147,Chloe Lee,Ember Storage Cube Lite,Furniture,2,142,2026-01-08,Canada
148,Olivia Brown,Verdant Power Bank Pro,Electronics,2,53,2026-01-11,USA
149,James Moore,Meridian Headphones 100,Electronics,5,273,2026-01-29,USA
150,George Taylor,Umber UPS Battery Pro,Electronics,3,111,2026-01-12,UK
151,Isla Roberts,Tundra Recliner 100,Furniture,5,1286,2026-01-09,UK
152,Jack Evans,Beacon Coffee Table Max,Furniture,5,110,2026-01-14,UK
153,Olivia Jackson,Delta Docking Station S1,Electronics,1,115,2026-01-05,USA
154,Oliver Smith,Ridge Nightstand Lite,Furniture,3,55,2026-01-10,UK
155,Felix Meyer,Summit Reception Desk X,Furniture,1,1583,2026-01-31,Germany
156,Hans Meyer,Aster SSD Drive Max,Electronics,5,87,2026-01-25,Germany
157,Lea Weber,Helio Monitor 200,Electronics,3,775,2026-01-07,Germany
158,Emma Johnson,Nova Dining Table 100,Furniture,5,727,2026-01-24,USA
159,Michael Moore,Willow Filing Cabinet 200,Furniture,4,426,2026-01-19,USA
160,Oliver Taylor,Granite Shoe Rack 300,Furniture,3,183,2026-01-23,UK
161,Matthias Meyer,Zephyr Microphone Lite,Electronics,2,217,2026-01-25,Germany
162,John Taylor,Summit External HDD 100,Electronics,2,305,2026-01-12,USA
163,Sophia Taylor,Summit Shoe Rack S1,Furniture,1,100,2026-01-18,USA
164,Benjamin Johnson,Harbor Network Switch Lite,Electronics,3,221,2026-01-06,Canada
165,Sophia Davis,Cedar Recliner S1,Furniture,4,1093,2026-01-07,USA
166,James Smith,Tundra Drawer Unit Pro,Furniture,2,138,2026-01-18,USA
167,Clara Muller,Nova Sofa Plus,Furniture,3,2023,2026-01-31,Germany
168,Olivia Johnson,Fjord Network Switch Plus,Electronics,3,502,2026-01-24,USA
169,Emily Evans,Rowan Reception Desk Lite,Furniture,3,1857,2026-01-27,UK
170,Benjamin Johnson,Quill Dresser X,Furniture,5,413,2026-01-20,Canada
171,Ethan Tremblay,Cedar Network Switch Max,Electronics,4,154,2026-01-28,Canada
172,Charlie Davies,Umber Wireless Presenter 300,Electronics,1,26,2026-01-12,UK
173,Sophie Koch,Beacon Capture Card 200,Electronics,5,118,2026-01-06,Germany
174,Emma Johnson,Juniper Nightstand X,Furniture,3,160,2026-01-10,USA
175,Liam Lee,Umber Dresser 300,Furniture,1,439,2026-01-20,Canada
176,Charlie Jones,Meridian UPS Battery S2,Electronics,1,292,2026-01-10,UK
177,Amelia Smith,Cedar Mouse S1,Electronics,3,19,2026-01-26,UK
178,Mia Johnson,Pioneer Sofa X,Furniture,1,1607,2026-01-19,Canada
179,Lukas Koch,Pioneer Filing Cabinet Pro,Furniture,1,345,2026-01-29,Germany
180,Benjamin Wilson,Conference Chair,Furniture,5,190,2026-01-19,Canada
181,Benjamin Tremblay,Delta Capture Card Pro,Electronics,3,405,2026-01-24,Canada
182,Liam Tremblay,Maple Recliner Max,Furniture,2,1229,2026-01-13,Canada
183,Charlotte Wilson,Helio Side Table Plus,Furniture,4,196,2026-01-08,USA
184,Jonas Becker,Delta Scanner S2,Electronics,2,207,2026-01-27,Germany
185,Daniel Wilson,Ridge Smartwatch Pro,Electronics,5,218,2026-01-18,USA
186,Hans Schmidt,Zenith Bar Stool 100,Furniture,4,67,2026-01-08,Germany
187,John Moore,Xenon Scanner S2,Electronics,5,114,2026-01-27,USA
188,Grace Williams,Willow Keyboard 200,Electronics,4,120,2026-01-12,UK
189,Ella Johnson,Ember Monitor Stand X,Furniture,2,111,2026-01-24,Canada
190,Michael Johnson,Nimbus Webcam Pro,Electronics,4,68,2026-01-15,USA
191,Oliver Taylor,Yarrow Chair S2,Furniture,3,573,2026-01-31,UK
192,Lucas Tremblay,Juniper Conference Camera Max,Electronics,5,1338,2026-01-20,Canada
193,Oliver Wilson,Zenith Network Switch X,Electronics,4,209,2026-01-19,UK
194,Oliver Brown,Ridge Docking Station Lite,Electronics,5,71,2026-01-17,UK
195,James Wilson,Xenon Printer Pro,Electronics,1,478,2026-01-15,USA
196,Ethan Roy,Slate Desk Lite,Furniture,4,776,2026-01-26,Canada
197,Ava Anderson,Summit Office Lamp Max,Furniture,2,89,2026-01-21,USA
198,Oliver Taylor,Umber Meeting Table 200,Furniture,1,1741,2026-01-21,UK
199,Benjamin Bouchard,Xenon Keyboard S2,Electronics,4,171,2026-01-25,Canada
200,James Smith,Ridge Projector X,Electronics,3,579,2026-01-24,USA
201,Benjamin Tremblay,Cobalt UPS Battery Pro,Electronics,5,604,2026-01-17,Canada
202,Amelia Wilson,Rowan Smartphone X,Electronics,5,1332,2026-01-06,UK
203,Hans Hoffmann,Quill Scanner 300,Electronics,2,498,2026-01-28,Germany
204,Matthias Muller,Verdant Conference Camera 100,Electronics,4,1282,2026-01-10,Germany
205,Grace Roberts,Onyx Scanner Max,Electronics,3,192,2026-01-30,UK
206,Hans Schulz,Fjord Chair Pro,Furniture,4,468,2026-01-09,Germany
207,Olivia Johnson,Willow TV Stand Max,Furniture,2,144,2026-01-10,USA
208,John Wilson,Zenith SSD Drive S2,Electronics,5,384,2026-01-26,USA
209,Charlotte Wilson,Aurora Microphone Plus,Electronics,2,69,2026-01-12,USA
210,Mia Smith,Kestrel Projector Plus,Electronics,3,1517,2026-01-26,Canada
211,Hans Meyer,Onyx Smartphone Pro,Electronics,3,1380,2026-01-26,Germany
212,Sophia Brown,Quartz Graphics Tablet Pro,Electronics,5,151,2026-01-14,USA
213,Lucas Wilson,Quill Mouse 200,Electronics,3,22,2026-01-11,Canada
214,Mia Brown,Basalt Webcam Max,Electronics,2,209,2026-01-17,Canada
215,Charlie Taylor,Beacon Drawer Unit 200,Furniture,1,234,2026-01-31,UK
216,Noah Johnson,Willow TV Stand Max,Furniture,1,144,2026-01-24,Canada
217,Ethan Roy,Slate Mouse 100,Electronics,2,58,2026-01-24,Canada
218,Harry Jones,Indigo Barcode Scanner X,Electronics,5,370,2026-01-13,UK
219,Olivia Jackson,Slate Room Divider 300,Furniture,3,257,2026-01-30,USA
220,Ella Lee,Fjord Chair S1,Furniture,2,429,2026-01-07,Canada
221,Harry Wilson,Kestrel Bar Stool Pro,Furniture,2,255,2026-01-11,UK
222,Sophia Brown,Pioneer Recliner X,Furniture,5,1064,2026-01-21,USA
223,Oliver Thomas,Rowan Storage Cube Pro,Furniture,4,125,2026-01-30,UK
224,Harry Jones,Onyx Wireless Presenter Pro,Electronics,1,118,2026-01-19,UK
225,Matthias Weber,Granite Filing Cabinet 100,Furniture,4,330,2026-01-30,Germany
226,George Roberts,Vertex Storage Cube X,Furniture,1,77,2026-01-13,UK
227,Lea Schulz,Larch Wireless Presenter 200,Electronics,5,64,2026-01-17,Germany
228,Oliver Jones,Nimbus Docking Station S2,Electronics,4,106,2026-01-05,UK
229,Freya Williams,Xenon Label Printer S1,Electronics,1,150,2026-01-25,UK
230,Noah Gagnon,Verdant Drawer Unit X,Furniture,4,259,2026-01-08,Canada
231,James Thomas,Orion Footrest Lite,Furniture,3,154,2026-01-20,USA
232,Mila Muller,Pioneer Shoe Rack Lite,Furniture,2,169,2026-01-17,Germany
233,Zoe Wilson,Meridian USB Hub S2,Electronics,4,86,2026-01-23,Canada
234,James Wilson,Nimbus Tablet S1,Electronics,4,424,2026-01-24,USA
235,Noah Brown,Summit Office Lamp 100,Furniture,1,146,2026-01-27,Canada
236,George Williams,Umber Whiteboard X,Furniture,2,328,2026-01-16,UK
237,Lukas Hoffmann,Rowan Console Table Plus,Furniture,3,175,2026-01-06,Germany
238,Ethan Brown,Slate Laptop S1,Electronics,4,1452,2026-01-07,Canada
239,Ava Wilson,Quill TV Stand Lite,Furniture,1,333,2026-01-06,USA
240,Emily Thomas,Indigo Drawer Unit 300,Furniture,2,103,2026-01-07,UK
241,John Johnson,Slate Room Divider Lite,Furniture,3,390,2026-01-29,USA
242,Ava Brown,Ember UPS Battery 200,Electronics,1,662,2026-01-13,USA
243,Olivia Davis,Cedar Mouse Plus,Electronics,2,15,2026-01-08,USA
244,Matthias Becker,Lumen Monitor Plus,Electronics,2,473,2026-01-23,Germany
245,Jack Thomas,Meridian USB Hub X,Electronics,1,20,2026-01-09,UK
246,Nathan Wilson,Indigo Microphone Pro,Electronics,4,261,2026-01-19,Canada
247,Grace Evans,Nimbus Graphics Tablet 200,Electronics,4,549,2026-01-21,UK
248,Daniel Jackson,Zephyr Speaker 200,Electronics,5,450,2026-01-14,USA
249,Nathan Gagnon,Fjord USB Hub 100,Electronics,1,92,2026-01-20,Canada
250,Lucas Tremblay,Harbor Webcam X,Electronics,4,210,2026-01-27,Canada
251,Benjamin Smith,Meridian Capture Card S1,Electronics,3,180,2026-01-24,Canada
252,Ava Jackson,Xenon Capture Card Max,Electronics,5,430,2026-01-25,USA
253,Oliver Jones,Cobalt Console Table S1,Furniture,3,592,2026-01-19,UK
254,Noah Tremblay,Helio Wireless Presenter Plus,Electronics,5,30,2026-01-28,Canada
255,John Brown,Delta Recliner 200,Furniture,4,399,2026-01-15,USA
256,Nathan Roy,Indigo Scanner Plus,Electronics,3,621,2026-01-18,Canada
257,Amelia Jones,Indigo Bench Plus,Furniture,2,135,2026-01-26,UK
258,Nathan Lee,Juniper Speaker Plus,Electronics,1,429,2026-01-18,Canada
259,Lukas Hoffmann,Zephyr Power Bank X,Electronics,2,28,2026-01-22,Germany
260,Hans Bauer,Aurora Footrest S2,Furniture,5,108,2026-01-15,Germany
261,Hans Weber,Aster Laptop S2,Electronics,1,1475,2026-01-14,Germany
262,Oliver Davies,Tundra Side Table Max,Furniture,5,133,2026-01-11,UK
263,David Davis,Cobalt Conference Camera X,Electronics,1,986,2026-01-16,USA
264,Freya Smith,Lumen Power Bank Lite,Electronics,5,22,2026-01-12,UK
265,Benjamin Brown,Basalt Graphics Card S2,Electronics,1,538,2026-01-24,Canada
266,Emily Williams,Lumen Graphics Card 300,Electronics,3,605,2026-01-15,UK
267,Jack Wilson,Verdant Webcam Plus,Electronics,5,80,2026-01-26,UK
268,Noah Roy,Orion Nightstand X,Furniture,1,297,2026-01-28,Canada
269,Sophia Jackson,Cedar Conference Chair Pro,Furniture,3,288,2026-01-10,USA
270,Emily Thomas,Larch Wireless Presenter Plus,Electronics,5,82,2026-01-24,UK
271,Matthias Meyer,Helio Tablet S2,Electronics,2,1248,2026-01-29,Germany
272,Hans Meyer,Harbor Dining Table Pro,Furniture,4,1339,2026-01-26,Germany
273,Chloe Martin,Tundra Filing Cabinet X,Furniture,4,229,2026-01-13,Canada
274,Olivia Wilson,Beacon Storage Cube Plus,Furniture,3,112,2026-01-18,USA
275,Hans Wagner,Rowan Keyboard Plus,Electronics,4,199,2026-01-21,Germany
276,Jack Wilson,Granite Filing Cabinet Max,Furniture,5,481,2026-01-06,UK
277,Mila Koch,Xenon Conference Chair Plus,Furniture,2,455,2026-01-29,Germany
278,Jack Wilson,Harbor Scanner 100,Electronics,1,133,2026-01-20,UK
279,Zoe Tremblay,Beacon Wireless Presenter Max,Electronics,5,50,2026-01-27,Canada
280,David Brown,Meridian Coffee Table X,Furniture,1,184,2026-01-17,USA
281,Jonas Bauer,Slate Coffee Table 200,Furniture,1,241,2026-01-15,Germany
282,Chloe Brown,Umber Reception Desk 200,Furniture,3,1363,2026-01-08,Canada
283,Noah Bouchard,Tundra Chair Plus,Furniture,2,396,2026-01-30,Canada
284,Noah Wilson,Indigo Webcam Max,Electronics,1,175,2026-01-18,Canada
285,Mila Hoffmann,Xenon Footrest Lite,Furniture,4,70,2026-01-21,Germany
286,Lea Schmidt,Pioneer Coffee Table 200,Furniture,3,253,2026-01-12,Germany
287,Freya Taylor,Zenith Bookshelf X,Furniture,5,114,2026-01-25,UK
288,Sophie Weber,Cedar Console Table S1,Furniture,3,191,2026-01-16,Germany
289,Emma Moore,Verdant Drawer Unit 200,Furniture,3,341,2026-01-11,USA
290,James Taylor,Beacon Bookshelf 200,Furniture,2,132,2026-01-29,USA
291,Benjamin Tremblay,Maple Power Bank 100,Electronics,5,77,2026-01-19,Canada
292,Harry Williams,Atlas Smartphone Lite,Electronics,2,943,2026-01-19,UK
293,Hans Weber,Nova Wardrobe 200,Furniture,3,788,2026-01-23,Germany
294,Hans Bauer,Nova USB Hub Max,Electronics,3,18,2026-01-19,Germany
295,Nathan Johnson,Helio Projector Max,Electronics,3,942,2026-01-07,Canada
296,Mila Koch,Rowan Filing Cabinet Max,Furniture,4,356,2026-01-19,Germany
297,Hans Muller,Cobalt Drawer Unit Lite,Furniture,2,252,2026-01-15,Germany
298,Mia Brown,Quartz Reception Desk X,Furniture,4,1432,2026-01-08,Canada
299,Amelia Davies,Nimbus Graphics Tablet Lite,Electronics,2,405,2026-01-06,UK
300,Michael Thomas,Onyx Smartphone X,Electronics,5,1214,2026-01-21,USA
301,David Johnson,Yarrow Chair S2,Furniture,4,573,2026-01-18,USA
302,Grace Taylor,Nimbus Coffee Table 300,Furniture,3,146,2026-01-07,UK
303,Jack Jones,Pioneer Capture Card X,Electronics,3,351,2026-01-13,UK
304,Emma Davis,Granite Microphone 100,Electronics,2,147,2026-01-16,USA
305,Oliver Jones,Willow Scanner 300,Electronics,2,98,2026-01-24,UK
306,Clara Weber,Xenon Webcam S2,Electronics,3,127,2026-01-31,Germany
307,James Jackson,Cobalt Desk Lite,Furniture,1,678,2026-01-25,USA
308,Liam Smith,Harbor Sofa Plus,Furniture,3,1820,2026-01-14,Canada
309,Olivia Jackson,Maple Docking Station 100,Electronics,4,144,2026-01-11,USA
310,John Thomas,Juniper Printer 200,Electronics,3,129,2026-01-30,USA
311,Mila Bauer,Larch Room Divider 200,Furniture,5,434,2026-01-06,Germany
312,Freya Williams,Zephyr Power Bank Lite,Electronics,5,48,2026-01-17,UK
313,James Moore,Tundra Cabinet Pro,Furniture,4,743,2026-01-06,USA
314,Mia Tremblay,Willow Sofa Lite,Furniture,4,1565,2026-01-24,Canada
315,Oliver Davies,Zephyr Graphics Tablet Plus,Electronics,2,425,2026-01-22,UK
316,James Thomas,Umber Conference Camera 300,Electronics,2,1026,2026-01-16,USA
317,Ethan Gagnon,Umber Graphics Tablet Lite,Electronics,4,670,2026-01-21,Canada
318,Zoe Roy,Cedar Laptop Plus,Electronics,5,1046,2026-01-09,Canada
319,Isla Davies,Atlas Wireless Presenter Pro,Electronics,3,79,2026-01-22,UK
320,Felix Hoffmann,Xenon Nightstand Plus,Furniture,1,183,2026-01-14,Germany
321,Anna Wagner,Slate Cabinet X,Furniture,4,427,2026-01-21,Germany
322,John Anderson,Cobalt Dining Table X,Furniture,2,993,2026-01-31,USA
323,Benjamin Gagnon,Fjord Smartphone 200,Electronics,4,590,2026-01-06,Canada
324,Ella Tremblay,Ridge Mouse X,Electronics,4,31,2026-01-07,Canada
325,Emily Thomas,Larch Storage Cube S1,Furniture,1,107,2026-01-31,UK
326,Oliver Roberts,Cobalt Mouse X,Electronics,1,62,2026-01-14,UK
327,Ethan Martin,Juniper Monitor Max,Electronics,4,575,2026-01-19,Canada
328,Clara Schmidt,Nimbus Mouse Max,Electronics,3,50,2026-01-11,Germany
329,Emma Brown,Delta Scanner S2,Electronics,5,207,2026-01-18,USA
330,Matthias Becker,Granite Speaker S1,Electronics,3,104,2026-01-08,Germany
331,Matthias Bauer,Xenon Desk Lite,Furniture,1,152,2026-01-08,Germany
332,Noah Johnson,Aurora Bench Max,Furniture,5,387,2026-01-23,Canada
333,Sophia Anderson,Cobalt Webcam 200,Electronics,4,79,2026-01-05,USA
334,Jack Williams,Rowan Shoe Rack Pro,Furniture,2,124,2026-01-26,UK
335,Jonas Koch,Delta Coffee Table X,Furniture,1,278,2026-01-21,Germany
336,Mila Wagner,Yarrow Standing Desk Plus,Furniture,1,1278,2026-01-25,Germany
337,Ethan Bouchard,Summit Side Table Plus,Furniture,3,178,2026-01-30,Canada
338,Sophie Hoffmann,Ember Conference Camera 200,Electronics,5,1367,2026-01-28,Germany
339,Jack Wilson,Umber Monitor Stand 200,Furniture,5,157,2026-01-15,UK
340,John Anderson,Indigo Tablet S1,Electronics,4,311,2026-01-25,USA
341,John Thomas,Basalt Router X,Electronics,4,176,2026-01-06,USA
342,Jack Williams,Cobalt SSD Drive X,Electronics,1,423,2026-01-15,UK
343,Freya Evans,Fjord Webcam S1,Electronics,4,132,2026-01-13,UK
344,Anna Weber,Summit Graphics Tablet X,Electronics,3,154,2026-01-16,Germany
345,Jonas Schmidt,Ridge Monitor 200,Electronics,3,882,2026-01-08,Germany
346,Freya Smith,Rowan Monitor Lite,Electronics,4,288,2026-01-17,UK
347,Freya Jones,Juniper Tablet 100,Electronics,4,688,2026-01-16,UK
348,Oliver Williams,Tundra Cabinet X,Furniture,1,614,2026-01-18,UK
349,Daniel Smith,Willow Dining Table Lite,Furniture,1,1198,2026-01-07,USA
350,Jack Taylor,Granite Capture Card X,Electronics,4,222,2026-01-24,UK
351,Liam Wilson,Zephyr Whiteboard S2,Furniture,3,54,2026-01-19,Canada
352,Matthias Muller,Harbor Laptop 100,Electronics,5,2111,2026-01-18,Germany
353,Harry Smith,Indigo Storage Cube Plus,Furniture,1,153,2026-01-26,UK
354,Ethan Roy,Indigo Monitor 100,Electronics,1,899,2026-01-09,Canada
355,Benjamin Bouchard,Maple Conference Camera Max,Electronics,2,301,2026-01-29,Canada
356,Oliver Taylor,Beacon Dining Table Lite,Furniture,1,882,2026-01-24,UK
357,Sophia Smith,Vertex Dining Table X,Furniture,3,446,2026-01-19,USA
358,Clara Muller,Ember UPS Battery Plus,Electronics,3,561,2026-01-17,Germany
359,Grace Wilson,Cobalt Microphone 200,Electronics,1,261,2026-01-05,UK
360,Emma Smith,Verdant Projector 300,Electronics,5,1156,2026-01-08,USA
361,Isla Davies,Basalt Wardrobe X,Furniture,2,532,2026-01-24,UK
362,Oliver Thomas,Cedar External HDD 300,Electronics,2,85,2026-01-08,UK
363,Olivia Moore,Willow Wireless Presenter S2,Electronics,2,105,2026-01-27,USA
364,Zoe Bouchard,Tundra Nightstand 300,Furniture,3,221,2026-01-27,Canada
365,Sophie Becker,Orion Bar Stool S2,Furniture,3,125,2026-01-10,Germany
366,David Smith,Beacon Keyboard Pro,Electronics,2,86,2026-01-08,USA
367,Emma Brown,Onyx Footrest 100,Furniture,4,183,2026-01-05,USA
368,Freya Davies,Meridian UPS Battery 300,Electronics,4,136,2026-01-30,UK
369,James Moore,Xenon Conference Chair 200,Furniture,1,232,2026-01-14,USA
370,Ella Wilson,Cedar Headphones 200,Electronics,5,97,2026-01-18,Canada
371,Mia Johnson,Orion Scanner 100,Electronics,2,131,2026-01-15,Canada
372,Hans Schulz,Zephyr Docking Station 300,Electronics,3,195,2026-01-09,Germany
373,James Jackson,Quartz Microphone S1,Electronics,4,349,2026-01-21,USA
374,Anna Schulz,Cobalt Graphics Tablet S1,Electronics,2,400,2026-01-14,Germany
375,Sophia Smith,Lumen Room Divider 100,Furniture,3,304,2026-01-21,USA
376,Jack Smith,Larch Console Table Lite,Furniture,2,252,2026-01-25,UK
377,Charlie Smith,Nova Wardrobe 200,Furniture,5,788,2026-01-22,UK
378,Matthias Hoffmann,Quill Whiteboard Plus,Furniture,5,300,2026-01-23,Germany
379,Sophia Wilson,Ember Printer 100,Electronics,3,119,2026-01-31,USA
380,Lea Wagner,Helio Standing Desk X,Furniture,1,696,2026-01-06,Germany
381,Jack Wilson,Yarrow Desk Max,Furniture,4,635,2026-01-24,UK
382,Mila Muller,Orion Monitor Stand 200,Furniture,3,101,2026-01-25,Germany
383,Harry Smith,Zephyr Lounge Chair 300,Furniture,3,494,2026-01-19,UK
384,Lea Schmidt,Cobalt Coffee Table Lite,Furniture,4,166,2026-01-18,Germany
385,Benjamin Johnson,Ember Docking Station S2,Electronics,5,314,2026-01-09,Canada
386,George Wilson,Nimbus Graphics Card 100,Electronics,3,359,2026-01-17,UK
387,Daniel Jackson,Zenith Graphics Tablet X,Electronics,5,610,2026-01-08,USA
388,Freya Evans,Granite Monitor 200,Electronics,3,505,2026-01-19,UK
389,Michael Jackson,Indigo USB Hub Plus,Electronics,3,42,2026-01-17,USA
390,Ella Roy,Yarrow Nightstand Pro,Furniture,3,114,2026-01-23,Canada
391,Harry Jones,Delta Dresser 200,Furniture,4,803,2026-01-21,UK
392,Liam Smith,Yarrow Recliner S2,Furniture,4,761,2026-01-05,Canada
393,Clara Weber,Onyx Power Bank S2,Electronics,4,66,2026-01-12,Germany
394,Ava Johnson,Helio Chair X,Furniture,1,177,2026-01-14,USA
395,Noah Lee,Meridian Tablet 300,Electronics,3,1258,2026-01-22,Canada
396,Clara Muller,Indigo Smartwatch Pro,Electronics,2,594,2026-01-13,Germany
397,George Taylor,Harbor Smartphone Pro,Electronics,1,811,2026-01-17,UK
398,Sophie Becker,Ridge Smartwatch X,Electronics,3,144,2026-01-22,Germany
399,Grace Wilson,Willow Barcode Scanner Max,Electronics,4,95,2026-01-29,UK
400,Grace Thomas,Nimbus Dresser Plus,Furniture,2,639,2026-01-08,UK
401,Ethan Lee,Rowan Capture Card S1,Electronics,5,373,2026-01-16,Canada
402,Olivia Taylor,Atlas Projector 300,Electronics,4,484,2026-01-21,USA
403,Jonas Bauer,Fjord Footrest 200,Furniture,3,40,2026-01-30,Germany
404,Noah Gagnon,Maple Tablet 100,Electronics,5,260,2026-01-21,Canada
405,Sophia Davis,Cobalt Webcam X,Electronics,2,127,2026-01-17,USA
406,Freya Williams,Onyx UPS Battery Pro,Electronics,5,558,2026-01-22,UK
407,Benjamin Wilson,Lumen Barcode Scanner S1,Electronics,4,382,2026-01-31,Canada
408,Clara Bauer,Verdant Monitor Max,Electronics,4,409,2026-01-23,Germany
409,Grace Smith,Fjord Smartphone 200,Electronics,5,590,2026-01-20,UK
410,Oliver Jones,Beacon Office Lamp X,Furniture,5,115,2026-01-12,UK
411,Clara Schmidt,Beacon Label Printer S2,Electronics,5,299,2026-01-25,Germany
412,Noah Martin,Cobalt Monitor Stand Plus,Furniture,1,127,2026-01-23,Canada
413,Lea Bauer,Pioneer Barcode Scanner X,Electronics,3,279,2026-01-18,Germany
414,David Anderson,Delta Graphics Card 100,Electronics,4,1398,2026-01-21,USA
415,Mia Johnson,Juniper Projector S2,Electronics,2,553,2026-01-21,Canada
416,Michael Brown,Basalt Graphics Card Lite,Electronics,5,1662,2026-01-17,USA
417,Emily Evans,Juniper Laptop 200,Electronics,5,1808,2026-01-15,UK
418,George Smith,Vertex SSD Drive Max,Electronics,5,241,2026-01-20,UK
419,John Brown,Xenon External HDD Pro,Electronics,5,114,2026-01-14,USA
420,Michael Taylor,Xenon Wireless Presenter X,Electronics,3,20,2026-01-27,USA
421,James Johnson,Onyx Bench Plus,Furniture,3,112,2026-01-20,USA
422,Isla Davies,Yarrow Meeting Table S1,Furniture,3,875,2026-01-08,UK
423,Chloe Brown,Lumen USB Hub Lite,Electronics,2,72,2026-01-14,Canada
424,Matthias Koch,Zephyr Sofa Plus,Furniture,3,2067,2026-01-19,Germany
425,Grace Smith,Harbor Smartwatch Max,Electronics,2,717,2026-01-31,UK
426,Grace Wilson,Aster Meeting Table X,Furniture,2,1813,2026-01-08,UK
427,Daniel Johnson,Orion Graphics Tablet X,Electronics,2,793,2026-01-25,USA
428,Olivia Brown,Aurora Graphics Tablet Lite,Electronics,3,182,2026-01-27,USA
429,Ethan Gagnon,Vertex Console Table Max,Furniture,1,320,2026-01-22,Canada
430,James Thomas,Granite NAS Enclosure X,Electronics,4,1074,2026-01-25,USA
431,Michael Anderson,Basalt Dining Table Lite,Furniture,3,1242,2026-01-14,USA
432,Mila Schulz,Orion Meeting Table X,Furniture,5,1576,2026-01-12,Germany
433,Lea Meyer,Meridian Wardrobe 100,Furniture,4,931,2026-01-31,Germany
434,James Johnson,Orion Filing Cabinet 200,Furniture,4,402,2026-01-30,USA
435,Liam Bouchard,Xenon Network Switch Pro,Electronics,1,495,2026-01-05,Canada
436,Amelia Evans,Cedar Filing Cabinet Lite,Furniture,3,181,2026-01-14,UK
437,Lucas Wilson,Orion Smartwatch S2,Electronics,4,115,2026-01-09,Canada
438,Zoe Gagnon,Rowan Graphics Card 100,Electronics,3,1223,2026-01-10,Canada
439,Mia Lee,Granite Mouse S1,Electronics,1,45,2026-01-28,Canada
440,Emily Taylor,Umber Chair 100,Furniture,2,393,2026-01-10,UK
441,Lucas Gagnon,Ridge Barcode Scanner Lite,Electronics,3,130,2026-01-07,Canada
442,Benjamin Gagnon,Helio Label Printer Plus,Electronics,2,163,2026-01-20,Canada
443,Charlie Williams,Vertex Projector X,Electronics,3,637,2026-01-17,UK
444,Ava Johnson,Cedar Barcode Scanner X,Electronics,3,225,2026-01-14,USA
445,Clara Bauer,Harbor Graphics Card X,Electronics,2,1213,2026-01-06,Germany
446,Jonas Wagner,Yarrow Nightstand Pro,Furniture,4,114,2026-01-26,Germany
447,Jack Smith,Umber Wireless Presenter Max,Electronics,3,71,2026-01-24,UK
448,Michael Smith,Xenon Tablet S2,Electronics,4,697,2026-01-09,USA
449,Benjamin Smith,Quill Laptop Lite,Electronics,4,1382,2026-01-27,Canada
450,Benjamin Smith,Summit Graphics Card 200,Electronics,2,1035,2026-01-26,Canada
451,Felix Schulz,Zephyr Wireless Presenter Pro,Electronics,3,22,2026-01-07,Germany
452,Sophie Koch,Cobalt Bench Plus,Furniture,5,289,2026-01-11,Germany
453,Daniel Moore,Kestrel Side Table Pro,Furniture,4,235,2026-01-08,USA
454,Michael Anderson,Atlas Chair 200,Furniture,1,112,2026-01-21,USA
455,Nathan Wilson,Larch Router S2,Electronics,2,254,2026-01-21,Canada
456,Chloe Gagnon,Lumen Drawer Unit S2,Furniture,5,96,2026-01-19,Canada
457,Oliver Taylor,Onyx Smartphone Plus,Electronics,3,944,2026-01-31,UK
458,Sophie Meyer,Larch Microphone Plus,Electronics,1,451,2026-01-06,Germany
459,Ethan Gagnon,Orion Shoe Rack Lite,Furniture,5,179,2026-01-06,Canada
460,Jonas Meyer,Zenith Bar Stool Pro,Furniture,3,236,2026-01-18,Germany
461,Ava Thomas,Tundra Wireless Presenter X,Electronics,3,67,2026-01-17,USA
462,Liam Bouchard,Vertex Dining Table S1,Furniture,4,353,2026-01-07,Canada
463,Charlotte Smith,Nova Reception Desk 100,Furniture,1,1194,2026-01-10,USA
464,Noah Smith,Cedar Sofa 200,Furniture,1,1084,2026-01-29,Canada
465,Lea Wagner,Rowan Console Table Plus,Furniture,4,175,2026-01-22,Germany
466,Mia Roy,Juniper Barcode Scanner 200,Electronics,4,440,2026-01-16,Canada
467,David Davis,Xenon Storage Cube Pro,Furniture,1,74,2026-01-30,USA
468,Zoe Brown,Zenith Docking Station Plus,Electronics,2,120,2026-01-11,Canada
469,Sophie Koch,Rowan SSD Drive 300,Electronics,4,315,2026-01-24,Germany
470,Hans Koch,Tundra Laptop S2,Electronics,4,1286,2026-01-19,Germany
471,David Brown,Cedar Sofa Plus,Furniture,2,1471,2026-01-21,USA
472,Emily Wilson,Cedar Bookshelf Pro,Furniture,3,181,2026-01-23,UK
473,George Roberts,Verdant Webcam Plus,Electronics,5,80,2026-01-12,UK
474,Chloe Martin,Kestrel Bookshelf Plus,Furniture,5,413,2026-01-23,Canada
475,Emma Moore,Nova Dresser 300,Furniture,5,815,2026-01-20,USA
476,Lea Weber,Verdant Bar Stool S1,Furniture,5,61,2026-01-15,Germany
477,Nathan Tremblay,Yarrow USB Hub S2,Electronics,4,31,2026-01-10,Canada
478,Lucas Bouchard,Cedar Whiteboard S1,Furniture,3,349,2026-01-27,Canada
479,Sophia Wilson,Cedar USB Hub X,Electronics,5,14,2026-01-18,USA
480,Liam Tremblay,Cobalt Sofa Plus,Furniture,4,432,2026-01-12,Canada
481,Charlie Thomas,Quartz Keyboard Pro,Electronics,4,133,2026-01-16,UK
482,Felix Schmidt,Aster Shoe Rack 200,Furniture,1,131,2026-01-13,Germany
483,Zoe Bouchard,Larch Conference Camera Lite,Electronics,1,920,2026-01-07,Canada
484,Olivia Jackson,Willow Footrest S1,Furniture,5,106,2026-01-11,USA
485,Mia Smith,Pioneer Bookshelf S1,Furniture,3,202,2026-01-05,Canada
486,Charlotte Wilson,Nova Bar Stool Lite,Furniture,4,78,2026-01-12,USA
487,James Anderson,Pioneer Shoe Rack S2,Furniture,5,201,2026-01-15,USA
488,Emily Evans,Orion Wardrobe Plus,Furniture,3,1411,2026-01-14,UK
489,Charlie Wilson,Ember Bar Stool Lite,Furniture,4,108,2026-01-08,UK
490,Zoe Bouchard,Helio Bookshelf Max,Furniture,2,308,2026-01-16,Canada
491,Isla Davies,Granite Webcam S1,Electronics,2,234,2026-01-28,UK
492,James Anderson,Summit Dresser 100,Furniture,5,166,2026-01-23,USA
493,Ethan Wilson,Vertex Filing Cabinet 300,Furniture,3,223,2026-01-12,Canada
494,Mia Lee,Yarrow Power Bank 300,Electronics,4,33,2026-01-22,Canada
495,Isla Jones,Xenon Bookshelf Pro,Furniture,4,181,2026-01-19,UK
496,John Wilson,Ember USB Hub 300,Electronics,2,61,2026-01-09,USA
497,Nathan Johnson,Ember Graphics Card X,Electronics,1,697,2026-01-21,Canada
498,Mila Schulz,Xenon Nightstand Max,Furniture,1,132,2026-01-29,Germany
499,Lukas Muller,Summit Console Table Pro,Furniture,1,555,2026-01-27,Germany
500,Charlotte Davis,Nova Conference Chair 100,Furniture,4,420,2026-01-16,USA
501,Lukas Meyer,Fjord Conference Chair S1,Furniture,4,428,2026-01-05,Germany
502,Matthias Wagner,Tundra Webcam 100,Electronics,1,195,2026-01-05,Germany
503,Charlie Brown,Onyx External HDD 300,Electronics,5,193,2026-01-31,UK
504,Benjamin Tremblay,Cedar Printer S2,Electronics,1,688,2026-01-08,Canada
505,James Taylor,Tundra Footrest Plus,Furniture,3,111,2026-01-31,USA
506,Isla Williams,Zephyr Smartphone S2,Electronics,1,597,2026-01-16,UK
507,Liam Johnson,Delta Barcode Scanner Lite,Electronics,2,115,2026-01-14,Canada
508,Mila Koch,Zenith Bar Stool Pro,Furniture,1,236,2026-01-17,Germany
509,Lucas Roy,Ridge Shoe Rack S2,Furniture,1,54,2026-01-25,Canada
510,Mila Becker,Cedar Router S1,Electronics,4,343,2026-01-18,Germany
511,Emily Thomas,Cobalt Footrest S1,Furniture,5,44,2026-01-06,UK
512,James Brown,Verdant Bench Pro,Furniture,4,98,2026-01-13,USA
513,Jonas Hoffmann,Indigo Mouse Plus,Electronics,5,23,2026-01-23,Germany
514,Sophie Schmidt,Larch Monitor 300,Electronics,1,222,2026-01-11,Germany
515,John Smith,Xenon Dresser Plus,Furniture,1,837,2026-01-14,USA
516,Ava Taylor,Xenon Desk X,Furniture,4,643,2026-01-26,USA
517,Isla Brown,Summit Desk Pro,Furniture,1,841,2026-01-21,UK
518,Harry Smith,Harbor Storage Cube X,Furniture,2,83,2026-01-31,UK
519,Felix Bauer,Granite Wireless Presenter Pro,Electronics,4,54,2026-01-29,Germany
520,Oliver Roberts,Ridge Footrest S1,Furniture,4,72,2026-01-20,UK
521,Michael Taylor,Atlas Graphics Tablet Max,Electronics,4,523,2026-01-10,USA
522,Chloe Smith,Basalt Scanner 300,Electronics,2,493,2026-01-27,Canada
523,Matthias Wagner,Kestrel Graphics Tablet S2,Electronics,4,732,2026-01-27,Germany
524,Ava Thomas,Nimbus UPS Battery 200,Electronics,3,221,2026-01-08,USA
525,Lea Becker,Umber Office Lamp Lite,Furniture,4,115,2026-01-16,Germany
526,Harry Wilson,Maple Network Switch S1,Electronics,2,421,2026-01-18,UK
527,Liam Johnson,Lumen Conference Camera S1,Electronics,4,927,2026-01-08,Canada
528,Anna Weber,Larch Power Bank Plus,Electronics,1,55,2026-01-24,Germany
529,Harry Williams,Willow Monitor 100,Electronics,3,705,2026-01-18,UK
530,Chloe Wilson,Ember Drawer Unit S1,Furniture,2,90,2026-01-23,Canada
531,Emma Jackson,Verdant Printer 100,Electronics,2,206,2026-01-13,USA
532,Harry Williams,Kestrel Dresser Max,Furniture,1,722,2026-01-10,UK
533,Ethan Martin,Lumen Barcode Scanner S1,Electronics,4,382,2026-01-30,Canada
534,Mila Schulz,Basalt External HDD 300,Electronics,4,69,2026-01-24,Germany
535,Daniel Jackson,Zenith Mouse Lite,Electronics,3,13,2026-01-05,USA
536,Liam Martin,Beacon Bench Max,Furniture,3,354,2026-01-19,Canada
537,Oliver Wilson,Juniper Docking Station X,Electronics,2,286,2026-01-14,UK
538,Freya Smith,Indigo Meeting Table Plus,Furniture,4,953,2026-01-15,UK
539,Ava Anderson,Pioneer Laptop 100,Electronics,3,1630,2026-01-28,USA
540,Liam Bouchard,Cobalt Conference Chair Pro,Furniture,3,537,2026-01-17,Canada
541,Jack Williams,Verdant Wireless Presenter Max,Electronics,3,44,2026-01-08,UK
542,James Thomas,Quill Room Divider 300,Furniture,5,122,2026-01-05,USA
543,Benjamin Roy,Orion Laptop Max,Electronics,4,879,2026-01-30,Canada
544,Amelia Roberts,Atlas Storage Cube Pro,Furniture,4,116,2026-01-26,UK
545,Ethan Johnson,Nova Wardrobe 200,Furniture,2,788,2026-01-13,Canada
546,David Davis,Yarrow Bench Pro,Furniture,1,395,2026-01-19,USA
547,Lucas Smith,Kestrel Filing Cabinet X,Furniture,5,249,2026-01-27,Canada
548,Lucas Gagnon,Harbor Graphics Card X,Electronics,5,1213,2026-01-24,Canada
549,Anna Schulz,Aster Conference Camera 200,Electronics,3,626,2026-01-10,Germany
550,Jonas Muller,Indigo Nightstand X,Furniture,3,232,2026-01-30,Germany
551,Nathan Smith,Harbor Printer S1,Electronics,3,684,2026-01-12,Canada
552,James Davis,Aster Reception Desk 100,Furniture,4,1724,2026-01-29,USA
553,Olivia Moore,Atlas Smartwatch Pro,Electronics,1,260,2026-01-14,USA
554,Ethan Brown,Maple Conference Camera 100,Electronics,1,1362,2026-01-31,Canada
555,James Jackson,Helio Recliner S2,Furniture,4,871,2026-01-30,USA
556,Olivia Wilson,Rowan Microphone 200,Electronics,4,234,2026-01-08,USA
557,Zoe Lee,Nimbus NAS Enclosure 100,Electronics,3,217,2026-01-07,Canada
558,Grace Roberts,Ridge Bench Lite,Furniture,1,427,2026-01-15,UK
559,Sophie Bauer,Maple Mouse 300,Electronics,2,85,2026-01-21,Germany
560,Sophia Davis,Indigo Coffee Table S2,Furniture,5,331,2026-01-18,USA
561,Chloe Wilson,Maple Bar Stool Plus,Furniture,2,114,2026-01-10,Canada
562,Benjamin Bouchard,Zenith Side Table 200,Furniture,4,224,2026-01-23,Canada
563,Nathan Brown,Orion Filing Cabinet X,Furniture,2,291,2026-01-13,Canada
564,Anna Wagner,Vertex Printer Pro,Electronics,2,314,2026-01-16,Germany
565,Amelia Thomas,Maple Label Printer Lite,Electronics,3,343,2026-01-26,UK
566,Liam Bouchard,Yarrow Scanner S1,Electronics,5,246,2026-01-17,Canada
567,Noah Wilson,Zephyr Webcam 100,Electronics,3,163,2026-01-19,Canada
568,Olivia Jackson,Helio TV Stand Pro,Furniture,5,308,2026-01-23,USA
569,Felix Schulz,Cobalt Footrest Plus,Furniture,1,66,2026-01-12,Germany
570,Emily Evans,Nova TV Stand X,Furniture,2,244,2026-01-21,UK
571,Nathan Smith,Meridian Desk Plus,Furniture,5,771,2026-01-17,Canada
572,Liam Johnson,Tundra Standing Desk 300,Furniture,2,837,2026-01-22,Canada
573,Emma Moore,Umber Bar Stool 200,Furniture,2,97,2026-01-15,USA
574,Ella Brown,Zenith External HDD Plus,Electronics,1,289,2026-01-20,Canada
575,Charlotte Wilson,Aurora Sofa 300,Furniture,5,681,2026-01-21,USA
576,Nathan Martin,Umber Dresser 300,Furniture,4,439,2026-01-27,Canada
577,Liam Martin,Cedar Router S1,Electronics,5,343,2026-01-05,Canada
578,Charlotte Davis,Willow Room Divider 200,Furniture,2,266,2026-01-22,USA
579,George Roberts,Pioneer Coffee Table Plus,Furniture,5,348,2026-01-28,UK
580,Ethan Lee,Larch Office Lamp Lite,Furniture,5,171,2026-01-08,Canada
581,Isla Davies,Juniper Laptop Pro,Electronics,5,1563,2026-01-31,UK
582,Felix Hoffmann,Delta Dresser Plus,Furniture,5,739,2026-01-11,Germany
583,Ella Lee,Juniper Barcode Scanner 200,Electronics,3,440,2026-01-06,Canada
584,Zoe Wilson,Ridge Smartphone Plus,Electronics,4,567,2026-01-08,Canada
585,Michael Smith,Nimbus Dresser S2,Furniture,3,481,2026-01-27,USA
586,Zoe Smith,Verdant Cabinet S1,Furniture,2,443,2026-01-31,Canada
587,Michael Smith,Basalt SSD Drive X,Electronics,3,474,2026-01-22,USA
588,Amelia Jones,Verdant Power Bank 300,Electronics,3,77,2026-01-27,UK
589,Jack Davies,Harbor Smartwatch Plus,Electronics,5,335,2026-01-26,UK
590,Felix Becker,Aurora Capture Card Plus,Electronics,1,460,2026-01-13,Germany
591,Daniel Taylor,Cobalt Dresser X,Furniture,2,372,2026-01-09,USA
592,Charlie Brown,Cedar External HDD S2,Electronics,4,158,2026-01-09,UK
593,George Williams,Quill Recliner S2,Furniture,4,595,2026-01-07,UK
594,Lukas Schulz,Yarrow Footrest 200,Furniture,3,47,2026-01-19,Germany
595,Benjamin Roy,Umber Reception Desk S1,Furniture,1,1961,2026-01-28,Canada
596,Liam Smith,Lumen Monitor Plus,Electronics,1,473,2026-01-30,Canada
597,Mia Martin,Yarrow Desk X,Furniture,2,637,2026-01-20,Canada
598,Oliver Thomas,Rowan Smartwatch X,Electronics,3,498,2026-01-22,UK
599,Charlotte Brown,Kestrel Recliner 300,Furniture,3,490,2026-01-26,USA
600,Clara Schmidt,Kestrel Projector Plus,Electronics,1,1517,2026-01-08,Germany
601,Emma Anderson,Webcam,Electronics,4,55,2026-01-11,USA
602,Olivia Moore,Helio Printer Lite,Electronics,2,139,2026-01-13,USA
603,Hans Bauer,Cobalt Docking Station 300,Electronics,1,302,2026-01-16,Germany
604,Olivia Moore,Granite Reception Desk S2,Furniture,2,1903,2026-01-18,USA
605,Hans Schulz,Projector,Electronics,2,620,2026-01-20,Germany
606,Lea Schulz,Helio Tablet X,Electronics,5,684,2026-01-26,Germany
607,Zoe Johnson,Ridge Coffee Table S2,Furniture,1,223,2026-01-18,Canada
608,Charlotte Brown,Delta Mouse 200,Electronics,4,70,2026-01-07,USA
609,Lea Muller,Cobalt Lounge Chair 200,Furniture,3,479,2026-01-09,Germany
610,Ethan Tremblay,Onyx Headphones 100,Electronics,2,340,2026-01-07,Canada
611,Matthias Becker,Beacon Filing Cabinet Pro,Furniture,4,444,2026-01-16,Germany
612,Olivia Taylor,Juniper Bar Stool 100,Furniture,4,74,2026-01-24,USA
613,Liam Tremblay,Cobalt Footrest 100,Furniture,1,62,2026-01-09,Canada
614,Sophie Schulz,Aurora Microphone 200,Electronics,3,374,2026-01-18,Germany
615,Oliver Brown,Beacon Network Switch 200,Electronics,3,194,2026-01-25,UK
616,Matthias Hoffmann,Xenon Microphone Max,Electronics,5,347,2026-01-28,Germany
617,Freya Brown,Yarrow Bar Stool X,Furniture,3,152,2026-01-11,UK
618,Sophia Johnson,Xenon Printer Lite,Electronics,1,453,2026-01-30,USA
619,James Moore,Juniper Meeting Table 200,Furniture,2,882,2026-01-20,USA
620,Hans Muller,Nimbus Keyboard S2,Electronics,3,71,2026-01-15,Germany
621,James Johnson,Quartz Printer Pro,Electronics,4,120,2026-01-16,USA
622,Emma Brown,Larch Bar Stool Lite,Furniture,1,220,2026-01-23,USA
623,Matthias Koch,Verdant Recliner Pro,Furniture,1,919,2026-01-06,Germany
624,Nathan Lee,Meridian Power Bank 300,Electronics,4,125,2026-01-18,Canada
625,Ella Roy,Beacon Tablet Plus,Electronics,5,1110,2026-01-24,Canada
626,Michael Moore,Quill Dining Table S2,Furniture,1,1340,2026-01-21,USA
627,Ava Anderson,Helio Dining Table 100,Furniture,5,1343,2026-01-15,USA
628,Liam Bouchard,Delta Label Printer S1,Electronics,3,313,2026-01-27,Canada
629,Chloe Wilson,Helio Barcode Scanner Max,Electronics,1,257,2026-01-12,Canada
630,Jonas Wagner,Ember Bench Pro,Furniture,4,159,2026-01-24,Germany
631,Jonas Weber,Delta Drawer Unit X,Furniture,1,267,2026-01-05,Germany
632,Daniel Johnson,Umber Bar Stool X,Furniture,4,79,2026-01-16,USA
633,Oliver Smith,Ridge Laptop 200,Electronics,3,818,2026-01-28,UK
634,Mila Schmidt,Delta External HDD Lite,Electronics,3,220,2026-01-30,Germany
635,Nathan Wilson,Indigo Dining Table Plus,Furniture,3,1391,2026-01-27,Canada
636,Felix Hoffmann,Helio TV Stand Max,Furniture,3,233,2026-01-06,Germany
637,Zoe Smith,Tundra Monitor Lite,Electronics,3,413,2026-01-10,Canada
638,Amelia Wilson,Nimbus Power Bank Pro,Electronics,1,133,2026-01-12,UK
639,Lea Bauer,Nimbus Monitor Stand Plus,Furniture,2,42,2026-01-06,Germany
640,Ethan Tremblay,Maple Tablet 300,Electronics,2,1021,2026-01-06,Canada
641,Zoe Bouchard,Aster Conference Camera 200,Electronics,4,626,2026-01-28,Canada
642,Freya Wilson,Vertex Printer Lite,Electronics,5,616,2026-01-16,UK
643,Matthias Bauer,Beacon Graphics Tablet Lite,Electronics,2,497,2026-01-12,Germany
644,Jonas Muller,Beacon Console Table 200,Furniture,4,168,2026-01-14,Germany
645,Grace Thomas,Kestrel Reception Desk S2,Furniture,4,1070,2026-01-05,UK
646,Grace Thomas,Nimbus External HDD S1,Electronics,3,114,2026-01-28,UK
647,Sophia Anderson,Lumen Office Lamp S1,Furniture,4,66,2026-01-29,USA
648,John Brown,Granite Meeting Table Pro,Furniture,2,1146,2026-01-09,USA
649,Matthias Bauer,Zenith Footrest S1,Furniture,2,30,2026-01-22,Germany
650,Amelia Roberts,Quartz UPS Battery 300,Electronics,3,630,2026-01-05,UK
651,Zoe Roy,Rowan Sofa 100,Furniture,1,2012,2026-01-11,Canada
652,Charlotte Davis,Lumen Whiteboard 100,Furniture,2,257,2026-01-27,USA
653,Grace Williams,Slate Graphics Tablet 100,Electronics,5,249,2026-01-18,UK
654,Emily Evans,Delta Capture Card 200,Electronics,5,97,2026-01-08,UK
655,David Jackson,Harbor Bookshelf S1,Furniture,1,502,2026-01-23,USA
656,Lea Koch,Zephyr Coffee Table 300,Furniture,2,168,2026-01-14,Germany
657,Amelia Taylor,Granite Conference Camera Pro,Electronics,3,442,2026-01-15,UK
658,Nathan Bouchard,Quartz Side Table Plus,Furniture,2,84,2026-01-09,Canada
659,Mila Koch,Helio TV Stand 100,Furniture,4,530,2026-01-19,Germany
660,Jack Brown,Meridian Recliner X,Furniture,3,549,2026-01-29,UK
661,David Moore,Onyx UPS Battery Max,Electronics,3,346,2026-01-08,USA
662,Anna Hoffmann,Kestrel Webcam Lite,Electronics,5,114,2026-01-06,Germany
663,Sophia Anderson,Atlas Console Table 300,Furniture,2,112,2026-01-07,USA
664,Emma Wilson,Larch Footrest 200,Furniture,5,116,2026-01-06,USA
665,Jack Roberts,Granite Headphones S1,Electronics,1,312,2026-01-17,UK
666,Zoe Wilson,Pioneer Shoe Rack S1,Furniture,2,89,2026-01-08,Canada
667,Ella Lee,Nimbus Graphics Tablet S2,Electronics,1,95,2026-01-05,Canada
668,Hans Bauer,Tundra Sofa Lite,Furniture,2,2192,2026-01-11,Germany
669,Noah Tremblay,Verdant Whiteboard Plus,Furniture,5,80,2026-01-23,Canada
670,Emily Taylor,Ridge Bookshelf 200,Furniture,1,463,2026-01-07,UK
671,Michael Johnson,Basalt Side Table 200,Furniture,2,80,2026-01-07,USA
672,Grace Brown,Beacon Projector Pro,Electronics,1,1285,2026-01-10,UK
673,Noah Martin,Lumen Smartphone X,Electronics,4,781,2026-01-05,Canada
674,Zoe Wilson,Tundra Printer S1,Electronics,3,286,2026-01-11,Canada
675,Emma Taylor,Onyx Meeting Table Lite,Furniture,2,1517,2026-01-06,USA
676,David Brown,Onyx Lounge Chair Pro,Furniture,4,822,2026-01-22,USA
677,Ethan Bouchard,Summit Office Lamp 100,Furniture,4,146,2026-01-09,Canada
678,Ella Johnson,Nimbus Side Table Max,Furniture,2,232,2026-01-25,Canada
679,Anna Muller,Aurora Dresser X,Furniture,4,619,2026-01-22,Germany
680,Ethan Brown,Larch Cabinet Lite,Furniture,5,776,2026-01-15,Canada
681,Lucas Brown,Beacon Scanner Pro,Electronics,3,491,2026-01-24,Canada
682,John Anderson,Slate Microphone 100,Electronics,1,454,2026-01-30,USA
683,Ethan Wilson,Zephyr Bench Lite,Furniture,2,262,2026-01-10,Canada
684,Sophie Weber,Tundra Monitor Stand Lite,Furniture,3,61,2026-01-22,Germany
685,Lukas Muller,Pioneer NAS Enclosure Max,Electronics,5,1083,2026-01-30,Germany
686,Mia Gagnon,Pioneer Tablet S1,Electronics,2,505,2026-01-12,Canada
687,Grace Wilson,Fjord Reception Desk X,Furniture,5,1216,2026-01-05,UK
688,Oliver Jones,Quartz Chair 200,Furniture,2,353,2026-01-23,UK
689,James Jackson,Ember Printer 300,Electronics,5,535,2026-01-14,USA
690,David Thomas,Willow Power Bank 300,Electronics,1,56,2026-01-12,USA
691,John Jackson,Tundra Monitor Stand S2,Furniture,1,74,2026-01-15,USA
692,Sophia Davis,Ridge Capture Card 200,Electronics,2,333,2026-01-30,USA
693,Oliver Taylor,Granite Coffee Table Max,Furniture,5,341,2026-01-27,UK
694,David Davis,Xenon Graphics Tablet Max,Electronics,3,646,2026-01-07,USA
695,Amelia Williams,Quartz Monitor Pro,Electronics,5,665,2026-01-08,UK
696,Emily Smith,Maple Sofa Max,Furniture,2,2488,2026-01-28,UK
697,Liam Brown,Aurora Wireless Presenter S2,Electronics,3,37,2026-01-10,Canada
698,Charlie Jones,Lumen Microphone S1,Electronics,2,53,2026-01-17,UK
699,Amelia Wilson,Atlas Docking Station 100,Electronics,2,143,2026-01-10,UK
700,Anna Koch,Aster Console Table Plus,Furniture,4,465,2026-01-29,Germany
701,Jonas Hoffmann,Vertex Monitor Stand S2,Furniture,5,59,2026-01-12,Germany
702,Mila Koch,Vertex Network Switch 100,Electronics,3,408,2026-01-28,Germany
703,Sophie Becker,Umber Keyboard Plus,Electronics,2,125,2026-01-25,Germany
704,Anna Becker,Nimbus Recliner Lite,Furniture,4,919,2026-01-05,Germany
705,Harry Wilson,Slate Desk 300,Furniture,3,351,2026-01-13,UK
706,Clara Schmidt,Umber NAS Enclosure S1,Electronics,4,1192,2026-01-19,Germany
707,Ethan Smith,Meridian Label Printer Pro,Electronics,4,104,2026-01-17,Canada
708,Emily Williams,Delta Dining Table S2,Furniture,4,525,2026-01-30,UK
709,James Brown,Cobalt Storage Cube 100,Furniture,1,148,2026-01-14,USA
710,Jonas Schulz,Atlas Coffee Table S2,Furniture,1,325,2026-01-15,Germany
711,Charlotte Wilson,Atlas Bookshelf Max,Furniture,1,338,2026-01-22,USA
712,Jonas Koch,Atlas Smartwatch Pro,Electronics,1,260,2026-01-18,Germany
713,Emma Johnson,Nimbus Whiteboard Lite,Furniture,2,314,2026-01-06,USA
714,Mila Muller,Summit Docking Station X,Electronics,4,309,2026-01-27,Germany
715,Jack Thomas,Larch SSD Drive S2,Electronics,2,177,2026-01-08,UK
716,Lukas Becker,Quill Meeting Table S2,Furniture,4,1276,2026-01-09,Germany
717,Mila Meyer,Quill Monitor Stand 100,Furniture,1,146,2026-01-14,Germany
718,Ella Bouchard,Umber Shoe Rack 200,Furniture,2,54,2026-01-10,Canada
719,Isla Williams,Meridian Lounge Chair Max,Furniture,3,344,2026-01-30,UK
720,Ethan Smith,Fjord Whiteboard S1,Furniture,1,111,2026-01-25,Canada
721,Zoe Bouchard,Vertex Projector 100,Electronics,3,740,2026-01-10,Canada
722,Benjamin Bouchard,Basalt Chair 200,Furniture,4,580,2026-01-13,Canada
723,Ava Moore,Zenith Conference Camera Pro,Electronics,1,552,2026-01-09,USA
724,Clara Wagner,Vertex Whiteboard Lite,Furniture,5,231,2026-01-18,Germany
725,James Brown,Slate Label Printer S1,Electronics,5,346,2026-01-18,USA
726,Lucas Tremblay,Willow Headphones Lite,Electronics,4,239,2026-01-14,Canada
727,Matthias Wagner,Slate Webcam 100,Electronics,5,158,2026-01-23,Germany
728,Olivia Brown,Kestrel Capture Card Max,Electronics,2,195,2026-01-10,USA
729,Ava Anderson,Quill Room Divider Max,Furniture,1,448,2026-01-18,USA
730,Mila Becker,Kestrel Conference Chair S2,Furniture,2,636,2026-01-31,Germany
731,Freya Taylor,Fjord Filing Cabinet S2,Furniture,1,104,2026-01-17,UK
732,Benjamin Lee,Helio Router 100,Electronics,5,117,2026-01-19,Canada
733,Lea Schulz,Willow Footrest S1,Furniture,5,106,2026-01-30,Germany
734,Benjamin Brown,Beacon Office Lamp S1,Furniture,2,114,2026-01-23,Canada
735,Clara Koch,Basalt Speaker S2,Electronics,1,175,2026-01-30,Germany
736,Charlie Thomas,Harbor Office Lamp Lite,Furniture,4,82,2026-01-13,UK
737,Liam Gagnon,Zenith Bench Lite,Furniture,5,289,2026-01-20,Canada
738,Jonas Weber,Nimbus Scanner 200,Electronics,2,386,2026-01-24,Germany
739,Zoe Roy,Verdant Graphics Card X,Electronics,2,328,2026-01-06,Canada
740,Ethan Roy,Helio Filing Cabinet S2,Furniture,1,282,2026-01-15,Canada
741,Charlie Evans,Pioneer Drawer Unit X,Furniture,1,184,2026-01-12,UK
742,Ava Anderson,Maple Label Printer 300,Electronics,3,335,2026-01-13,USA
743,Zoe Martin,Tundra Tablet X,Electronics,2,445,2026-01-19,Canada
744,Sophia Davis,Aurora Lounge Chair Pro,Furniture,4,939,2026-01-29,USA
745,Oliver Evans,Ridge Barcode Scanner Lite,Electronics,2,130,2026-01-07,UK
746,Jack Thomas,Verdant Tablet Max,Electronics,2,755,2026-01-29,UK
747,Clara Schulz,Basalt Bookshelf 200,Furniture,1,451,2026-01-12,Germany
748,Clara Schmidt,Onyx Reception Desk S2,Furniture,2,854,2026-01-13,Germany
749,Isla Wilson,Quartz Desk Lite,Furniture,4,465,2026-01-25,UK
750,Clara Schmidt,Willow Room Divider S1,Furniture,3,293,2026-01-20,Germany
751,Noah Lee,Cobalt Dining Table 300,Furniture,5,773,2026-01-22,Canada
752,George Evans,Larch Mouse 300,Electronics,1,49,2026-01-14,UK
753,Lea Muller,Zenith Label Printer 200,Electronics,5,298,2026-01-29,Germany
754,Ava Taylor,Atlas Shoe Rack Lite,Furniture,2,200,2026-01-13,USA
755,Benjamin Smith,Slate Office Lamp X,Furniture,4,124,2026-01-09,Canada
756,Sophia Smith,Granite SSD Drive 100,Electronics,2,423,2026-01-13,USA
757,Emily Smith,Cedar Graphics Card Max,Electronics,4,1738,2026-01-17,UK
758,Oliver Thomas,Cedar Label Printer X,Electronics,4,324,2026-01-14,UK
759,Nathan Brown,Kestrel UPS Battery Lite,Electronics,5,738,2026-01-26,Canada
760,Harry Taylor,Cobalt Smartwatch Pro,Electronics,5,552,2026-01-14,UK
761,Oliver Smith,Cobalt Standing Desk X,Furniture,1,384,2026-01-15,UK
762,Grace Taylor,Beacon Shoe Rack S2,Furniture,3,103,2026-01-25,UK
763,George Brown,Harbor Shoe Rack Lite,Furniture,2,141,2026-01-06,UK
764,Lucas Gagnon,Summit Desk Pro,Furniture,1,841,2026-01-25,Canada
765,Ethan Roy,Lumen Barcode Scanner Pro,Electronics,4,264,2026-01-17,Canada
766,Clara Becker,Zenith Bench Lite,Furniture,2,289,2026-01-15,Germany
767,David Anderson,Aurora Router Max,Electronics,3,42,2026-01-21,USA
768,Grace Williams,Yarrow Cabinet 200,Furniture,2,736,2026-01-14,UK
769,Lukas Schmidt,Larch Mouse 300,Electronics,5,49,2026-01-29,Germany
770,Charlotte Taylor,Atlas Smartwatch S2,Electronics,1,390,2026-01-12,USA
771,Charlie Taylor,Quill Coffee Table Max,Furniture,4,343,2026-01-30,UK
772,Oliver Davies,Willow Projector 300,Electronics,3,1288,2026-01-19,UK
773,Anna Wagner,Indigo Conference Chair Lite,Furniture,5,551,2026-01-24,Germany
774,Sophie Muller,Quartz Filing Cabinet 200,Furniture,5,227,2026-01-08,Germany
775,Ethan Roy,Fjord Monitor Stand Lite,Furniture,1,91,2026-01-09,Canada
776,Sophia Smith,Aster Tablet 200,Electronics,5,221,2026-01-19,USA
777,Olivia Davis,Onyx Shoe Rack 200,Furniture,1,87,2026-01-20,USA
778,Jack Jones,Yarrow Scanner S1,Electronics,1,246,2026-01-05,UK
779,Liam Brown,Quill Whiteboard Plus,Furniture,5,300,2026-01-29,Canada
780,Emma Wilson,Cedar Wardrobe Max,Furniture,2,1541,2026-01-24,USA
781,Nathan Bouchard,Verdant Tablet Max,Electronics,4,755,2026-01-20,Canada
782,Ella Johnson,Umber Conference Camera S2,Electronics,2,520,2026-01-28,Canada
783,George Williams,Granite Desk Plus,Furniture,5,378,2026-01-11,UK
784,Lukas Wagner,Maple Chair S2,Furniture,2,423,2026-01-27,Germany
785,Emily Taylor,Zephyr Router Lite,Electronics,4,136,2026-01-21,UK
786,Amelia Davies,Slate Drawer Unit Pro,Furniture,3,191,2026-01-14,UK
787,Benjamin Tremblay,Delta Side Table S2,Furniture,5,257,2026-01-15,Canada
788,Zoe Lee,Juniper Docking Station Pro,Electronics,3,86,2026-01-20,Canada
789,Charlie Taylor,Quill Docking Station 200,Electronics,4,181,2026-01-05,UK
790,Charlotte Wilson,Onyx Whiteboard X,Furniture,2,308,2026-01-28,USA
791,Sophie Hoffmann,Verdant Laptop Max,Electronics,1,1203,2026-01-16,Germany
792,Matthias Schulz,Basalt Reception Desk Plus,Furniture,5,2136,2026-01-24,Germany
793,Felix Bauer,Vertex USB Hub Pro,Electronics,1,20,2026-01-06,Germany
794,Jonas Wagner,Willow Desk Plus,Furniture,1,453,2026-01-22,Germany
795,Grace Thomas,Lumen Shoe Rack Max,Furniture,2,175,2026-01-27,UK
796,Felix Muller,Kestrel Footrest 200,Furniture,5,188,2026-01-13,Germany
797,Daniel Smith,Aurora Reception Desk X,Furniture,5,1649,2026-01-28,USA
798,Mila Hoffmann,Aster NAS Enclosure X,Electronics,4,751,2026-01-11,Germany
799,James Jackson,Slate NAS Enclosure 200,Electronics,2,408,2026-01-16,USA
800,Ethan Brown,Slate Room Divider 300,Furniture,5,257,2026-01-20,Canada
801,Michael Moore,Nova Console Table 300,Furniture,3,116,2026-01-12,USA
802,Sophie Schulz,Onyx Shoe Rack Lite,Furniture,1,101,2026-01-31,Germany
803,Ethan Tremblay,Basalt Drawer Unit X,Furniture,5,329,2026-01-07,Canada
804,Jonas Weber,Orion Network Switch X,Electronics,4,136,2026-01-14,Germany
805,Grace Jones,Zephyr Chair 100,Furniture,2,498,2026-01-06,UK
806,Charlie Smith,Slate Projector Pro,Electronics,4,1294,2026-01-28,UK
807,Clara Schmidt,Maple USB Hub S1,Electronics,1,38,2026-01-09,Germany
808,James Taylor,Orion Desk Plus,Furniture,5,551,2026-01-13,USA
809,Anna Wagner,Summit Shoe Rack X,Furniture,2,70,2026-01-08,Germany
810,Zoe Roy,Pioneer Graphics Tablet S2,Electronics,3,830,2026-01-31,Canada
811,Lucas Martin,Aster Scanner Pro,Electronics,4,169,2026-01-25,Canada
812,Sophia Moore,Pioneer Speaker X,Electronics,2,445,2026-01-08,USA
813,Mia Brown,Kestrel USB Hub S2,Electronics,5,76,2026-01-26,Canada
814,Benjamin Roy,Harbor Projector S2,Electronics,3,895,2026-01-24,Canada
815,Sophie Muller,Quill Nightstand S2,Furniture,4,264,2026-01-20,Germany
816,Felix Schmidt,Meridian USB Hub Pro,Electronics,1,37,2026-01-07,Germany
817,Oliver Jones,Willow Monitor 100,Electronics,5,705,2026-01-29,UK
818,Daniel Moore,Cobalt Monitor Stand 100,Furniture,5,118,2026-01-21,USA
819,Sophie Schulz,Willow Whiteboard 100,Furniture,4,258,2026-01-16,Germany
820,Ethan Bouchard,Harbor Speaker 200,Electronics,5,551,2026-01-06,Canada
821,Felix Hoffmann,Umber Whiteboard Lite,Furniture,5,351,2026-01-20,Germany
822,Liam Bouchard,Harbor Lounge Chair Max,Furniture,4,640,2026-01-15,Canada
823,Daniel Davis,Atlas Microphone Lite,Electronics,1,333,2026-01-21,USA
824,Olivia Thomas,Zenith Barcode Scanner S2,Electronics,4,396,2026-01-31,USA
825,John Smith,Cedar Nightstand 100,Furniture,5,67,2026-01-19,USA
826,Clara Muller,Granite Network Switch Pro,Electronics,3,180,2026-01-08,Germany
827,Mia Bouchard,Basalt Conference Camera Pro,Electronics,1,924,2026-01-17,Canada
828,Lucas Smith,Summit Speaker 200,Electronics,1,88,2026-01-31,Canada
829,Hans Koch,Verdant Dresser 300,Furniture,5,474,2026-01-22,Germany
830,John Anderson,Maple Nightstand 200,Furniture,3,113,2026-01-16,USA
831,Jonas Koch,Umber Mouse 200,Electronics,3,29,2026-01-22,Germany
832,Mia Tremblay,Zephyr Nightstand Lite,Furniture,4,246,2026-01-08,Canada
833,Clara Wagner,Harbor TV Stand S2,Furniture,1,547,2026-01-15,Germany
834,Emily Thomas,Helio Desk Plus,Furniture,5,202,2026-01-21,UK
835,Charlie Thomas,Basalt Tablet S2,Electronics,2,792,2026-01-20,UK
836,Emma Wilson,Aster Tablet 200,Electronics,1,221,2026-01-13,USA
837,David Davis,Verdant Wireless Presenter Max,Electronics,2,44,2026-01-19,USA
838,Olivia Taylor,Summit Filing Cabinet S2,Furniture,4,265,2026-01-06,USA
839,Hans Meyer,Rowan Recliner S1,Furniture,4,638,2026-01-26,Germany
840,James Smith,Yarrow Chair 100,Furniture,5,317,2026-01-28,USA
841,Jonas Schulz,Helio Smartwatch Plus,Electronics,5,290,2026-01-20,Germany
842,Daniel Brown,Pioneer Label Printer Plus,Electronics,2,158,2026-01-08,USA
843,Mia Brown,Yarrow Graphics Tablet 300,Electronics,3,79,2026-01-21,Canada
844,Nathan Lee,Aster Conference Camera 200,Electronics,3,626,2026-01-17,Canada
845,Isla Jones,Kestrel Room Divider Plus,Furniture,2,392,2026-01-09,UK
846,Lucas Wilson,Onyx External HDD 100,Electronics,3,294,2026-01-31,Canada
847,Charlie Williams,Verdant Sofa 100,Furniture,2,2101,2026-01-11,UK
848,Charlotte Johnson,Pioneer Sofa 100,Furniture,3,1731,2026-01-26,USA
849,Ava Moore,Helio Chair Max,Furniture,5,124,2026-01-22,USA
850,Freya Thomas,Quartz USB Hub 100,Electronics,5,49,2026-01-20,UK
851,Liam Roy,Xenon Monitor Stand S2,Furniture,3,136,2026-01-18,Canada
852,Lea Bauer,Slate USB Hub Max,Electronics,4,19,2026-01-09,Germany
853,Jonas Schulz,Zephyr Tablet X,Electronics,3,500,2026-01-29,Germany
854,Olivia Jackson,Larch Console Table Lite,Furniture,2,252,2026-01-31,USA
855,Clara Meyer,Basalt Filing Cabinet 200,Furniture,2,318,2026-01-29,Germany
856,Clara Meyer,Basalt Laptop 200,Electronics,1,2256,2026-01-24,Germany
857,John Brown,Xenon Drawer Unit Pro,Furniture,4,339,2026-01-12,USA
858,Emily Smith,Helio Graphics Tablet Pro,Electronics,4,434,2026-01-17,UK
859,Zoe Gagnon,Harbor Reception Desk Pro,Furniture,5,1668,2026-01-06,Canada
860,Anna Schulz,Slate Recliner Plus,Furniture,5,328,2026-01-29,Germany
861,Zoe Smith,Larch Capture Card Lite,Electronics,5,424,2026-01-22,Canada
862,Michael Brown,Summit Monitor Stand S2,Furniture,3,131,2026-01-19,USA
863,Charlotte Taylor,Quartz Dresser S2,Furniture,2,728,2026-01-28,USA
864,Jonas Schmidt,Quartz Monitor Stand 200,Furniture,3,46,2026-01-22,Germany
865,Isla Williams,Zephyr Bench Lite,Furniture,3,262,2026-01-05,UK
866,Freya Davies,Atlas Projector Plus,Electronics,1,1567,2026-01-09,UK
867,Amelia Taylor,Nova Storage Cube Plus,Furniture,4,28,2026-01-30,UK
868,Harry Taylor,Delta Smartphone 100,Electronics,5,745,2026-01-12,UK
869,Olivia Jackson,Cobalt Desk 300,Furniture,2,550,2026-01-18,USA
870,Ella Gagnon,Atlas Lounge Chair X,Furniture,2,853,2026-01-26,Canada
871,Emily Roberts,Zenith Wireless Presenter S2,Electronics,2,109,2026-01-29,UK
872,Ella Lee,Summit Capture Card 100,Electronics,1,321,2026-01-26,Canada
873,Jack Davies,Fjord Projector Plus,Electronics,1,1438,2026-01-26,UK
874,Oliver Evans,Umber Coffee Table 100,Furniture,4,150,2026-01-13,UK
875,Grace Brown,Quill Drawer Unit 300,Furniture,3,92,2026-01-21,UK
876,Nathan Brown,Onyx Label Printer 300,Electronics,2,198,2026-01-15,Canada
877,Hans Koch,Quill Keyboard Max,Electronics,5,78,2026-01-22,Germany
878,Anna Schulz,Vertex Desk 100,Furniture,2,473,2026-01-26,Germany
879,Benjamin Wilson,Lumen External HDD S1,Electronics,5,61,2026-01-31,Canada
880,Ethan Wilson,Kestrel Mouse S1,Electronics,2,35,2026-01-05,Canada
881,Ella Bouchard,Harbor Storage Cube S2,Furniture,1,132,2026-01-07,Canada
882,Lukas Meyer,Fjord Reception Desk 300,Furniture,5,722,2026-01-07,Germany
883,David Wilson,Basalt Bench S1,Furniture,4,391,2026-01-19,USA
884,Mia Lee,Quill Router 300,Electronics,4,195,2026-01-26,Canada
885,Clara Hoffmann,Cedar Cabinet S1,Furniture,5,343,2026-01-06,Germany
886,Jonas Muller,Helio Barcode Scanner 200,Electronics,1,268,2026-01-14,Germany
887,Amelia Thomas,Beacon Nightstand Max,Furniture,4,276,2026-01-17,UK
888,Noah Wilson,Quill Reception Desk Plus,Furniture,4,1768,2026-01-10,Canada
889,Charlotte Wilson,Maple Laptop 200,Electronics,5,967,2026-01-14,USA
890,Sophia Davis,Delta Label Printer Pro,Electronics,1,340,2026-01-22,USA
891,James Brown,Harbor SSD Drive X,Electronics,5,195,2026-01-24,USA
892,Liam Smith,Umber Coffee Table Plus,Furniture,3,142,2026-01-11,Canada
893,Jack Taylor,Rowan Dresser X,Furniture,2,854,2026-01-10,UK
894,James Johnson,Orion Recliner 200,Furniture,2,1108,2026-01-08,USA
895,Ava Thomas,Quill Standing Desk Lite,Furniture,1,449,2026-01-29,USA
896,Liam Tremblay,Fjord Filing Cabinet Plus,Furniture,3,226,2026-01-26,Canada
897,Jonas Muller,Willow Coffee Table Max,Furniture,5,400,2026-01-20,Germany
898,Grace Jones,Slate Monitor Stand X,Furniture,1,74,2026-01-14,UK
899,Anna Koch,Maple SSD Drive S1,Electronics,4,340,2026-01-19,Germany
900,Amelia Wilson,Nimbus Router Pro,Electronics,5,43,2026-01-09,UK
901,Freya Brown,Harbor Sofa Max,Furniture,2,1013,2026-01-05,UK
902,George Williams,Xenon Conference Camera 100,Electronics,4,638,2026-01-13,UK
903,Freya Wilson,Tundra NAS Enclosure Max,Electronics,4,886,2026-01-19,UK
904,Chloe Lee,Indigo Printer S2,Electronics,4,315,2026-01-22,Canada
905,Mila Schmidt,Atlas Laptop Pro,Electronics,1,2066,2026-01-31,Germany
906,Emily Davies,Lumen Conference Camera Max,Electronics,5,770,2026-01-11,UK
907,Amelia Evans,Summit Coffee Table X,Furniture,1,375,2026-01-05,UK
908,Lukas Becker,Rowan Side Table S2,Furniture,4,222,2026-01-29,Germany
909,Daniel Anderson,Delta Wardrobe 300,Furniture,3,254,2026-01-22,USA
910,Zoe Lee,Harbor Wardrobe Pro,Furniture,3,504,2026-01-17,Canada
911,David Smith,Orion Chair X,Furniture,3,206,2026-01-09,USA
912,Mia Tremblay,Harbor Bar Stool Plus,Furniture,4,213,2026-01-16,Canada
913,Felix Wagner,Aster Wireless Presenter 300,Electronics,5,28,2026-01-09,Germany
914,Mia Lee,Ridge Conference Camera Max,Electronics,5,928,2026-01-26,Canada
915,Olivia Jackson,Indigo Meeting Table Max,Furniture,3,786,2026-01-06,USA
916,Charlotte Jackson,Aster Tablet Lite,Electronics,1,222,2026-01-13,USA
917,Emily Brown,Aurora Reception Desk 100,Furniture,5,1777,2026-01-30,UK
918,Freya Smith,Nimbus Shoe Rack 100,Furniture,1,128,2026-01-06,UK
919,Grace Smith,Juniper Laptop S1,Electronics,3,2337,2026-01-31,UK
920,George Evans,Granite Lounge Chair S1,Furniture,2,1052,2026-01-17,UK
921,Ella Martin,Zephyr Coffee Table Lite,Furniture,5,250,2026-01-13,Canada
922,Lucas Bouchard,Delta Bookshelf Plus,Furniture,5,283,2026-01-17,Canada
923,Jack Thomas,Delta Projector Plus,Electronics,4,1130,2026-01-30,UK
924,Nathan Johnson,Basalt Cabinet S1,Furniture,5,789,2026-01-09,Canada
925,Zoe Roy,Yarrow Storage Cube Plus,Furniture,5,55,2026-01-25,Canada
926,Jack Brown,Atlas Room Divider Plus,Furniture,2,364,2026-01-16,UK
927,Jonas Becker,Umber Side Table 200,Furniture,3,67,2026-01-28,Germany
928,Sophie Schmidt,Larch Sofa Plus,Furniture,4,2135,2026-01-11,Germany
929,David Davis,Nova Desk S1,Furniture,1,700,2026-01-12,USA
930,Hans Schulz,Zenith Webcam Pro,Electronics,2,58,2026-01-09,Germany
931,Lukas Hoffmann,Aurora Lounge Chair Max,Furniture,1,412,2026-01-10,Germany
932,Harry Williams,Tundra Lounge Chair S1,Furniture,4,647,2026-01-24,UK
933,Mila Hoffmann,Beacon Wardrobe Pro,Furniture,1,971,2026-01-11,Germany
934,Noah Tremblay,Rowan Graphics Tablet S1,Electronics,2,702,2026-01-12,Canada
935,Benjamin Wilson,Fjord Projector 300,Electronics,2,828,2026-01-24,Canada
936,Amelia Jones,Basalt UPS Battery S2,Electronics,4,691,2026-01-24,UK
937,Lea Schulz,Larch SSD Drive Max,Electronics,2,605,2026-01-08,Germany
938,Clara Becker,Nimbus Webcam 300,Electronics,4,147,2026-01-31,Germany
939,John Thomas,Granite Docking Station Max,Electronics,4,282,2026-01-24,USA
940,Felix Weber,Zephyr Recliner S2,Furniture,5,714,2026-01-29,Germany
941,Lea Meyer,Willow SSD Drive S2,Electronics,5,324,2026-01-22,Germany
942,Felix Muller,Willow Graphics Card Lite,Electronics,5,496,2026-01-18,Germany
943,Grace Williams,Yarrow Keyboard X,Electronics,4,184,2026-01-12,UK
944,Nathan Gagnon,Slate Desk Lite,Furniture,3,776,2026-01-23,Canada
945,Lea Schulz,Umber Network Switch S2,Electronics,4,184,2026-01-29,Germany
946,Emma Jackson,Verdant Office Lamp Max,Furniture,3,115,2026-01-24,USA
947,Mia Lee,Quartz UPS Battery 100,Electronics,1,243,2026-01-23,Canada
948,Lukas Schulz,Cedar Scanner Pro,Electronics,2,163,2026-01-27,Germany
949,Charlie Smith,Zephyr Bookshelf 200,Furniture,2,273,2026-01-18,UK
950,Freya Wilson,Zenith Projector 100,Electronics,4,1016,2026-01-23,UK
951,Jack Taylor,Orion Monitor Stand X,Furniture,2,76,2026-01-18,UK
952,Mia Bouchard,Cobalt NAS Enclosure Max,Electronics,5,421,2026-01-20,Canada
953,Harry Jones,Aurora Drawer Unit S2,Furniture,4,80,2026-01-28,UK
954,Sophia Wilson,Ember Nightstand Max,Furniture,2,227,2026-01-19,USA
955,David Jackson,Fjord Tablet Pro,Electronics,4,351,2026-01-30,USA
956,Oliver Brown,Summit Microphone Lite,Electronics,2,108,2026-01-17,UK
957,Sophie Meyer,Indigo Standing Desk S1,Furniture,4,1152,2026-01-24,Germany
958,Liam Roy,Aster Smartphone 300,Electronics,2,1022,2026-01-16,Canada
959,Sophie Koch,Ember USB Hub Lite,Electronics,4,92,2026-01-24,Germany
960,Charlie Davies,Nimbus Graphics Tablet 300,Electronics,1,641,2026-01-29,UK
961,Sophia Taylor,Meridian Lounge Chair 200,Furniture,1,384,2026-01-11,USA
962,Emily Williams,Ridge Wardrobe Max,Furniture,5,976,2026-01-21,UK
963,Charlotte Davis,Beacon Office Lamp S2,Furniture,3,58,2026-01-12,USA
964,Mila Schmidt,Fjord Side Table Pro,Furniture,3,173,2026-01-29,Germany
965,Noah Roy,Larch Cabinet S2,Furniture,4,628,2026-01-23,Canada
966,John Moore,Nova Standing Desk 100,Furniture,1,1257,2026-01-22,USA
967,Isla Roberts,Cobalt NAS Enclosure Max,Electronics,5,421,2026-01-16,UK
968,Jack Wilson,Meridian Headphones 100,Electronics,2,273,2026-01-24,UK
969,Sophia Brown,Nova Sofa Lite,Furniture,5,1194,2026-01-05,USA
970,Emily Davies,Cobalt Recliner 100,Furniture,1,572,2026-01-22,UK
971,Lea Schmidt,Juniper Chair 200,Furniture,1,599,2026-01-30,Germany
972,Freya Smith,Ember Filing Cabinet S1,Furniture,3,208,2026-01-27,UK
973,Zoe Wilson,Meridian Standing Desk S2,Furniture,4,1004,2026-01-29,Canada
974,Sophia Anderson,Beacon Smartwatch Lite,Electronics,4,683,2026-01-23,USA
975,Sophie Bauer,Vertex Coffee Table S2,Furniture,1,254,2026-01-17,Germany
976,Olivia Thomas,Yarrow Room Divider X,Furniture,3,323,2026-01-18,USA
977,Charlie Thomas,Atlas Desk 100,Furniture,3,553,2026-01-12,UK
978,Grace Thomas,Verdant Power Bank 100,Electronics,1,24,2026-01-22,UK
979,Ava Johnson,Lumen Monitor Stand S1,Furniture,2,99,2026-01-23,USA
980,Freya Roberts,Indigo Barcode Scanner X,Electronics,4,370,2026-01-28,UK
981,John Davis,Vertex Desk Max,Furniture,3,615,2026-01-11,USA
982,Ava Wilson,Zephyr TV Stand 300,Furniture,5,134,2026-01-16,USA
983,Ava Jackson,Basalt Coffee Table S2,Furniture,1,249,2026-01-26,USA
984,Nathan Wilson,Cobalt USB Hub 100,Electronics,1,66,2026-01-20,Canada
985,Grace Taylor,Ridge Desk 200,Furniture,5,243,2026-01-13,UK
986,Chloe Tremblay,Yarrow Smartwatch 100,Electronics,3,493,2026-01-17,Canada
987,Daniel Smith,Meridian Whiteboard Plus,Furniture,1,163,2026-01-21,USA
988,Zoe Tremblay,Indigo TV Stand 300,Furniture,1,500,2026-01-21,Canada
989,Isla Jones,Onyx Docking Station X,Electronics,4,172,2026-01-08,UK
990,Mia Roy,Ember Monitor Stand Lite,Furniture,1,178,2026-01-26,Canada
991,Daniel Wilson,Granite Smartphone Plus,Electronics,3,774,2026-01-16,USA
992,Amelia Jones,Summit Recliner X,Furniture,2,678,2026-01-13,UK
993,Noah Gagnon,Tundra Scanner S1,Electronics,3,611,2026-01-10,Canada
994,Ella Roy,Vertex Monitor X,Electronics,3,621,2026-01-16,Canada
995,Lucas Martin,Quill Room Divider 300,Furniture,5,122,2026-01-09,Canada
996,Olivia Brown,Vertex Dresser X,Furniture,2,730,2026-01-22,USA
997,Lucas Smith,Aurora Meeting Table 100,Furniture,2,1408,2026-01-30,Canada
998,Michael Moore,Atlas Desk 100,Furniture,2,553,2026-01-18,USA
999,Chloe Brown,Willow Wardrobe X,Furniture,5,761,2026-01-28,Canada
1000,Harry Thomas,Pioneer Side Table Pro,Furniture,3,160,2026-01-22,UK
